Handle,Title,Body (HTML),Vendor,Type,Tags,Published,Option1 Name,Option1 Value,Option2 Name,Option2 Value,Option3 Name,Option3 Value,Variant SKU,Variant Grams,Variant Inventory Tracker,Variant Inventory Qty,Variant Inventory Policy,Variant Fulfillment Service,Variant Price,Variant Compare At Price,Variant Requires Shipping,Variant Taxable,Variant Barcode,Image Src,Image Position,Image Alt Text,Gift Card,SEO Title,SEO Description,Variant Weight Unit,Status
code-coffee-repeat-mug,Code. Coffee. Repeat. Mug,<p>Minimalist developer mug with monospaced design. Dishwasher and microwave safe. Handle-left orientation. Brand: Dev Mode.</p>,Dev Mode,Mug,"developer, coding, AI, software engineer, geek, humor, coffee, devmode, dark mode, tech gift",TRUE,Size,11oz,Color,Black,,,,0,,0,deny,manual,19.95,24.95,TRUE,TRUE,,,,Code. Coffee. Repeat. Mug - 11oz - Black,FALSE,Code. Coffee. Repeat. Mug | Dev Mode Mug for Programmers,Clean monospaced design for coders and AI lovers. Printed on demand in the USA. Perfect gift for developers.,g,active
code-coffee-repeat-mug,,,Dev Mode,Mug,"developer, coding, AI, software engineer, geek, humor, coffee, devmode, dark mode, tech gift",TRUE,Size,11oz,Color,White,,,,0,,0,deny,manual,19.95,24.95,TRUE,TRUE,,,,Code. Coffee. Repeat. Mug - 11oz - White,FALSE,,,g,active
code-coffee-repeat-mug,,,Dev Mode,Mug,"developer, coding, AI, software engineer, geek, humor, coffee, devmode, dark mode, tech gift",TRUE,Size,15oz,Color,Black,,,,0,,0,deny,manual,19.95,24.95,TRUE,TRUE,,,,Code. Coffee. Repeat. Mug - 15oz - Black,FALSE,,,g,active
code-coffee-repeat-mug,,,Dev Mode,Mug,"developer, coding, AI, software engineer, geek, humor, coffee, devmode, dark mode, tech gift",TRUE,Size,15oz,Color,White,,,,0,,0,deny,manual,19.95,24.95,TRUE,TRUE,,,,Code. Coffee. Repeat. Mug - 15oz - White,FALSE,,,g,active
in-dev-mode-mug,In Dev Mode Mug,<p>Minimalist developer mug with monospaced design. Dishwasher and microwave safe. Handle-left orientation. Brand: Dev Mode.</p>,Dev Mode,Mug,"developer, coding, AI, software engineer, geek, humor, coffee, devmode, dark mode, tech gift",TRUE,Size,11oz,Color,Black,,,,0,,0,deny,manual,19.95,24.95,TRUE,TRUE,,,,In Dev Mode Mug - 11oz - Black,FALSE,In Dev Mode Mug | Dev Mode Mug for Programmers,Clean monospaced design for coders and AI lovers. Printed on demand in the USA. Perfect gift for developers.,g,active
in-dev-mode-mug,,,Dev Mode,Mug,"developer, coding, AI, software engineer, geek, humor, coffee, devmode, dark mode, tech gift",TRUE,Size,11oz,Color,White,,,,0,,0,deny,manual,19.95,24.95,TRUE,TRUE,,,,In Dev Mode Mug - 11oz - White,FALSE,,,g,active
in-dev-mode-mug,,,Dev Mode,Mug,"developer, coding, AI, software engineer, geek, humor, coffee, devmode, dark mode, tech gift",TRUE,Size,15oz,Color,Black,,,,0,,0,deny,manual,19.95,24.95,TRUE,TRUE,,,,In Dev Mode Mug - 15oz - Black,FALSE,,,g,active
in-dev-mode-mug,,,Dev Mode,Mug,"developer, coding, AI, software engineer, geek, humor, coffee, devmode, dark mode, tech gift",TRUE,Size,15oz,Color,White,,,,0,,0,deny,manual,19.95,24.95,TRUE,TRUE,,,,In Dev Mode Mug - 15oz - White,FALSE,,,g,active
artificially-intelligent-mug,Artificially Intelligent Mug,<p>Minimalist developer mug with monospaced design. Dishwasher and microwave safe. Handle-left orientation. Brand: Dev Mode.</p>,Dev Mode,Mug,"developer, coding, AI, software engineer, geek, humor, coffee, devmode, dark mode, tech gift",TRUE,Size,11oz,Color,Black,,,,0,,0,deny,manual,19.95,24.95,TRUE,TRUE,,,,Artificially Intelligent Mug - 11oz - Black,FALSE,Artificially Intelligent Mug | Dev Mode Mug for Programmers,Clean monospaced design for coders and AI lovers. Printed on demand in the USA. Perfect gift for developers.,g,active
artificially-intelligent-mug,,,Dev Mode,Mug,"developer, coding, AI, software engineer, geek, humor, coffee, devmode, dark mode, tech gift",TRUE,Size,11oz,Color,White,,,,0,,0,deny,manual,19.95,24.95,TRUE,TRUE,,,,Artificially Intelligent Mug - 11oz - White,FALSE,,,g,active
artificially-intelligent-mug,,,Dev Mode,Mug,"developer, coding, AI, software engineer, geek, humor, coffee, devmode, dark mode, tech gift",TRUE,Size,15oz,Color,Black,,,,0,,0,deny,manual,19.95,24.95,TRUE,TRUE,,,,Artificially Intelligent Mug - 15oz - Black,FALSE,,,g,active
artificially-intelligent-mug,,,Dev Mode,Mug,"developer, coding, AI, software engineer, geek, humor, coffee, devmode, dark mode, tech gift",TRUE,Size,15oz,Color,White,,,,0,,0,deny,manual,19.95,24.95,TRUE,TRUE,,,,Artificially Intelligent Mug - 15oz - White,FALSE,,,g,active
ship-it-friday-mug,Ship It Friday Mug,<p>Minimalist developer mug with monospaced design. Dishwasher and microwave safe. Handle-left orientation. Brand: Dev Mode.</p>,Dev Mode,Mug,"developer, coding, AI, software engineer, geek, humor, coffee, devmode, dark mode, tech gift",TRUE,Size,11oz,Color,Black,,,,0,,0,deny,manual,19.95,24.95,TRUE,TRUE,,,,Ship It Friday Mug - 11oz - Black,FALSE,Ship It Friday Mug | Dev Mode Mug for Programmers,Clean monospaced design for coders and AI lovers. Printed on demand in the USA. Perfect gift for developers.,g,active
ship-it-friday-mug,,,Dev Mode,Mug,"developer, coding, AI, software engineer, geek, humor, coffee, devmode, dark mode, tech gift",TRUE,Size,11oz,Color,White,,,,0,,0,deny,manual,19.95,24.95,TRUE,TRUE,,,,Ship It Friday Mug - 11oz - White,FALSE,,,g,active
ship-it-friday-mug,,,Dev Mode,Mug,"developer, coding, AI, software engineer, geek, humor, coffee, devmode, dark mode, tech gift",TRUE,Size,15oz,Color,Black,,,,0,,0,deny,manual,19.95,24.95,TRUE,TRUE,,,,Ship It Friday Mug - 15oz - Black,FALSE,,,g,active
ship-it-friday-mug,,,Dev Mode,Mug,"developer, coding, AI, software engineer, geek, humor, coffee, devmode, dark mode, tech gift",TRUE,Size,15oz,Color,White,,,,0,,0,deny,manual,19.95,24.95,TRUE,TRUE,,,,Ship It Friday Mug - 15oz - White,FALSE,,,g,active
i-have-no-bugs---just-features-mug,I Have No Bugs — Just Features Mug,<p>Minimalist developer mug with monospaced design. Dishwasher and microwave safe. Handle-left orientation. Brand: Dev Mode.</p>,Dev Mode,Mug,"developer, coding, AI, software engineer, geek, humor, coffee, devmode, dark mode, tech gift",TRUE,Size,11oz,Color,Black,,,,0,,0,deny,manual,19.95,24.95,TRUE,TRUE,,,,I Have No Bugs — Just Features Mug - 11oz - Black,FALSE,I Have No Bugs — Just Features Mug | Dev Mode Mug for Programmers,Clean monospaced design for coders and AI lovers. Printed on demand in the USA. Perfect gift for developers.,g,active
i-have-no-bugs---just-features-mug,,,Dev Mode,Mug,"developer, coding, AI, software engineer, geek, humor, coffee, devmode, dark mode, tech gift",TRUE,Size,11oz,Color,White,,,,0,,0,deny,manual,19.95,24.95,TRUE,TRUE,,,,I Have No Bugs — Just Features Mug - 11oz - White,FALSE,,,g,active
i-have-no-bugs---just-features-mug,,,Dev Mode,Mug,"developer, coding, AI, software engineer, geek, humor, coffee, devmode, dark mode, tech gift",TRUE,Size,15oz,Color,Black,,,,0,,0,deny,manual,19.95,24.95,TRUE,TRUE,,,,I Have No Bugs — Just Features Mug - 15oz - Black,FALSE,,,g,active
i-have-no-bugs---just-features-mug,,,Dev Mode,Mug,"developer, coding, AI, software engineer, geek, humor, coffee, devmode, dark mode, tech gift",TRUE,Size,15oz,Color,White,,,,0,,0,deny,manual,19.95,24.95,TRUE,TRUE,,,,I Have No Bugs — Just Features Mug - 15oz - White,FALSE,,,g,active
hello-world-mug,Hello World Mug,<p>Minimalist developer mug with monospaced design. Dishwasher and microwave safe. Handle-left orientation. Brand: Dev Mode.</p>,Dev Mode,Mug,"developer, coding, AI, software engineer, geek, humor, coffee, devmode, dark mode, tech gift",TRUE,Size,11oz,Color,Black,,,,0,,0,deny,manual,19.95,24.95,TRUE,TRUE,,,,Hello World Mug - 11oz - Black,FALSE,Hello World Mug | Dev Mode Mug for Programmers,Clean monospaced design for coders and AI lovers. Printed on demand in the USA. Perfect gift for developers.,g,active
hello-world-mug,,,Dev Mode,Mug,"developer, coding, AI, software engineer, geek, humor, coffee, devmode, dark mode, tech gift",TRUE,Size,11oz,Color,White,,,,0,,0,deny,manual,19.95,24.95,TRUE,TRUE,,,,Hello World Mug - 11oz - White,FALSE,,,g,active
hello-world-mug,,,Dev Mode,Mug,"developer, coding, AI, software engineer, geek, humor, coffee, devmode, dark mode, tech gift",TRUE,Size,15oz,Color,Black,,,,0,,0,deny,manual,19.95,24.95,TRUE,TRUE,,,,Hello World Mug - 15oz - Black,FALSE,,,g,active
hello-world-mug,,,Dev Mode,Mug,"developer, coding, AI, software engineer, geek, humor, coffee, devmode, dark mode, tech gift",TRUE,Size,15oz,Color,White,,,,0,,0,deny,manual,19.95,24.95,TRUE,TRUE,,,,Hello World Mug - 15oz - White,FALSE,,,g,active
ai-wrote-this-mug,AI Wrote This Mug,<p>Minimalist developer mug with monospaced design. Dishwasher and microwave safe. Handle-left orientation. Brand: Dev Mode.</p>,Dev Mode,Mug,"developer, coding, AI, software engineer, geek, humor, coffee, devmode, dark mode, tech gift",TRUE,Size,11oz,Color,Black,,,,0,,0,deny,manual,19.95,24.95,TRUE,TRUE,,,,AI Wrote This Mug - 11oz - Black,FALSE,AI Wrote This Mug | Dev Mode Mug for Programmers,Clean monospaced design for coders and AI lovers. Printed on demand in the USA. Perfect gift for developers.,g,active
ai-wrote-this-mug,,,Dev Mode,Mug,"developer, coding, AI, software engineer, geek, humor, coffee, devmode, dark mode, tech gift",TRUE,Size,11oz,Color,White,,,,0,,0,deny,manual,19.95,24.95,TRUE,TRUE,,,,AI Wrote This Mug - 11oz - White,FALSE,,,g,active
ai-wrote-this-mug,,,Dev Mode,Mug,"developer, coding, AI, software engineer, geek, humor, coffee, devmode, dark mode, tech gift",TRUE,Size,15oz,Color,Black,,,,0,,0,deny,manual,19.95,24.95,TRUE,TRUE,,,,AI Wrote This Mug - 15oz - Black,FALSE,,,g,active
ai-wrote-this-mug,,,Dev Mode,Mug,"developer, coding, AI, software engineer, geek, humor, coffee, devmode, dark mode, tech gift",TRUE,Size,15oz,Color,White,,,,0,,0,deny,manual,19.95,24.95,TRUE,TRUE,,,,AI Wrote This Mug - 15oz - White,FALSE,,,g,active
dark-mode-everything-mug,Dark Mode Everything Mug,<p>Minimalist developer mug with monospaced design. Dishwasher and microwave safe. Handle-left orientation. Brand: Dev Mode.</p>,Dev Mode,Mug,"developer, coding, AI, software engineer, geek, humor, coffee, devmode, dark mode, tech gift",TRUE,Size,11oz,Color,Black,,,,0,,0,deny,manual,19.95,24.95,TRUE,TRUE,,,,Dark Mode Everything Mug - 11oz - Black,FALSE,Dark Mode Everything Mug | Dev Mode Mug for Programmers,Clean monospaced design for coders and AI lovers. Printed on demand in the USA. Perfect gift for developers.,g,active
dark-mode-everything-mug,,,Dev Mode,Mug,"developer, coding, AI, software engineer, geek, humor, coffee, devmode, dark mode, tech gift",TRUE,Size,11oz,Color,White,,,,0,,0,deny,manual,19.95,24.95,TRUE,TRUE,,,,Dark Mode Everything Mug - 11oz - White,FALSE,,,g,active
dark-mode-everything-mug,,,Dev Mode,Mug,"developer, coding, AI, software engineer, geek, humor, coffee, devmode, dark mode, tech gift",TRUE,Size,15oz,Color,Black,,,,0,,0,deny,manual,19.95,24.95,TRUE,TRUE,,,,Dark Mode Everything Mug - 15oz - Black,FALSE,,,g,active
dark-mode-everything-mug,,,Dev Mode,Mug,"developer, coding, AI, software engineer, geek, humor, coffee, devmode, dark mode, tech gift",TRUE,Size,15oz,Color,White,,,,0,,0,deny,manual,19.95,24.95,TRUE,TRUE,,,,Dark Mode Everything Mug - 15oz - White,FALSE,,,g,active
sudo-make-me-a-coffee-mug,sudo make me a coffee Mug,<p>Minimalist developer mug with monospaced design. Dishwasher and microwave safe. Handle-left orientation. Brand: Dev Mode.</p>,Dev Mode,Mug,"developer, coding, AI, software engineer, geek, humor, coffee, devmode, dark mode, tech gift",TRUE,Size,11oz,Color,Black,,,,0,,0,deny,manual,19.95,24.95,TRUE,TRUE,,,,sudo make me a coffee Mug - 11oz - Black,FALSE,sudo make me a coffee Mug | Dev Mode Mug for Programmers,Clean monospaced design for coders and AI lovers. Printed on demand in the USA. Perfect gift for developers.,g,active
sudo-make-me-a-coffee-mug,,,Dev Mode,Mug,"developer, coding, AI, software engineer, geek, humor, coffee, devmode, dark mode, tech gift",TRUE,Size,11oz,Color,White,,,,0,,0,deny,manual,19.95,24.95,TRUE,TRUE,,,,sudo make me a coffee Mug - 11oz - White,FALSE,,,g,active
sudo-make-me-a-coffee-mug,,,Dev Mode,Mug,"developer, coding, AI, software engineer, geek, humor, coffee, devmode, dark mode, tech gift",TRUE,Size,15oz,Color,Black,,,,0,,0,deny,manual,19.95,24.95,TRUE,TRUE,,,,sudo make me a coffee Mug - 15oz - Black,FALSE,,,g,active
sudo-make-me-a-coffee-mug,,,Dev Mode,Mug,"developer, coding, AI, software engineer, geek, humor, coffee, devmode, dark mode, tech gift",TRUE,Size,15oz,Color,White,,,,0,,0,deny,manual,19.95,24.95,TRUE,TRUE,,,,sudo make me a coffee Mug - 15oz - White,FALSE,,,g,active
404-sleep-not-found-mug,404 Sleep Not Found Mug,<p>Minimalist developer mug with monospaced design. Dishwasher and microwave safe. Handle-left orientation. Brand: Dev Mode.</p>,Dev Mode,Mug,"developer, coding, AI, software engineer, geek, humor, coffee, devmode, dark mode, tech gift",TRUE,Size,11oz,Color,Black,,,,0,,0,deny,manual,19.95,24.95,TRUE,TRUE,,,,404 Sleep Not Found Mug - 11oz - Black,FALSE,404 Sleep Not Found Mug | Dev Mode Mug for Programmers,Clean monospaced design for coders and AI lovers. Printed on demand in the USA. Perfect gift for developers.,g,active
404-sleep-not-found-mug,,,Dev Mode,Mug,"developer, coding, AI, software engineer, geek, humor, coffee, devmode, dark mode, tech gift",TRUE,Size,11oz,Color,White,,,,0,,0,deny,manual,19.95,24.95,TRUE,TRUE,,,,404 Sleep Not Found Mug - 11oz - White,FALSE,,,g,active
404-sleep-not-found-mug,,,Dev Mode,Mug,"developer, coding, AI, software engineer, geek, humor, coffee, devmode, dark mode, tech gift",TRUE,Size,15oz,Color,Black,,,,0,,0,deny,manual,19.95,24.95,TRUE,TRUE,,,,404 Sleep Not Found Mug - 15oz - Black,FALSE,,,g,active
404-sleep-not-found-mug,,,Dev Mode,Mug,"developer, coding, AI, software engineer, geek, humor, coffee, devmode, dark mode, tech gift",TRUE,Size,15oz,Color,White,,,,0,,0,deny,manual,19.95,24.95,TRUE,TRUE,,,,404 Sleep Not Found Mug - 15oz - White,FALSE,,,g,active
hello-world-t-shirt,Hello World T-Shirt,<p>Premium unisex tee (Bella+Canvas 3001). Large back design in monospaced type. Small Dev Mode logo on left chest. Soft and lightweight.</p>,Dev Mode,T-Shirt,"developer, coding, AI, software engineer, geek, humor, coffee, devmode, dark mode, tech gift",TRUE,Color,Black,Size,S,,,,0,,0,deny,manual,27.95,32.95,TRUE,TRUE,,,,Hello World T-Shirt - Black - S,FALSE,Hello World T-Shirt | Dev Mode T-Shirt for Developers,"Monospaced developer tee built for dark mode lovers. Clean design, premium feel. Printed on demand in the USA.",g,active
hello-world-t-shirt,,,Dev Mode,T-Shirt,"developer, coding, AI, software engineer, geek, humor, coffee, devmode, dark mode, tech gift",TRUE,Color,Black,Size,M,,,,0,,0,deny,manual,27.95,32.95,TRUE,TRUE,,,,Hello World T-Shirt - Black - M,FALSE,,,g,active
hello-world-t-shirt,,,Dev Mode,T-Shirt,"developer, coding, AI, software engineer, geek, humor, coffee, devmode, dark mode, tech gift",TRUE,Color,Black,Size,L,,,,0,,0,deny,manual,27.95,32.95,TRUE,TRUE,,,,Hello World T-Shirt - Black - L,FALSE,,,g,active
hello-world-t-shirt,,,Dev Mode,T-Shirt,"developer, coding, AI, software engineer, geek, humor, coffee, devmode, dark mode, tech gift",TRUE,Color,Black,Size,XL,,,,0,,0,deny,manual,27.95,32.95,TRUE,TRUE,,,,Hello World T-Shirt - Black - XL,FALSE,,,g,active
hello-world-t-shirt,,,Dev Mode,T-Shirt,"developer, coding, AI, software engineer, geek, humor, coffee, devmode, dark mode, tech gift",TRUE,Color,Black,Size,2XL,,,,0,,0,deny,manual,27.95,32.95,TRUE,TRUE,,,,Hello World T-Shirt - Black - 2XL,FALSE,,,g,active
hello-world-t-shirt,,,Dev Mode,T-Shirt,"developer, coding, AI, software engineer, geek, humor, coffee, devmode, dark mode, tech gift",TRUE,Color,White,Size,S,,,,0,,0,deny,manual,27.95,32.95,TRUE,TRUE,,,,Hello World T-Shirt - White - S,FALSE,,,g,active
hello-world-t-shirt,,,Dev Mode,T-Shirt,"developer, coding, AI, software engineer, geek, humor, coffee, devmode, dark mode, tech gift",TRUE,Color,White,Size,M,,,,0,,0,deny,manual,27.95,32.95,TRUE,TRUE,,,,Hello World T-Shirt - White - M,FALSE,,,g,active
hello-world-t-shirt,,,Dev Mode,T-Shirt,"developer, coding, AI, software engineer, geek, humor, coffee, devmode, dark mode, tech gift",TRUE,Color,White,Size,L,,,,0,,0,deny,manual,27.95,32.95,TRUE,TRUE,,,,Hello World T-Shirt - White - L,FALSE,,,g,active
hello-world-t-shirt,,,Dev Mode,T-Shirt,"developer, coding, AI, software engineer, geek, humor, coffee, devmode, dark mode, tech gift",TRUE,Color,White,Size,XL,,,,0,,0,deny,manual,27.95,32.95,TRUE,TRUE,,,,Hello World T-Shirt - White - XL,FALSE,,,g,active
hello-world-t-shirt,,,Dev Mode,T-Shirt,"developer, coding, AI, software engineer, geek, humor, coffee, devmode, dark mode, tech gift",TRUE,Color,White,Size,2XL,,,,0,,0,deny,manual,27.95,32.95,TRUE,TRUE,,,,Hello World T-Shirt - White - 2XL,FALSE,,,g,active
ai-wrote-this-shirt-t-shirt,AI Wrote This Shirt T-Shirt,<p>Premium unisex tee (Bella+Canvas 3001). Large back design in monospaced type. Small Dev Mode logo on left chest. Soft and lightweight.</p>,Dev Mode,T-Shirt,"developer, coding, AI, software engineer, geek, humor, coffee, devmode, dark mode, tech gift",TRUE,Color,Black,Size,S,,,,0,,0,deny,manual,27.95,32.95,TRUE,TRUE,,,,AI Wrote This Shirt T-Shirt - Black - S,FALSE,AI Wrote This Shirt T-Shirt | Dev Mode T-Shirt for Developers,"Monospaced developer tee built for dark mode lovers. Clean design, premium feel. Printed on demand in the USA.",g,active
ai-wrote-this-shirt-t-shirt,,,Dev Mode,T-Shirt,"developer, coding, AI, software engineer, geek, humor, coffee, devmode, dark mode, tech gift",TRUE,Color,Black,Size,M,,,,0,,0,deny,manual,27.95,32.95,TRUE,TRUE,,,,AI Wrote This Shirt T-Shirt - Black - M,FALSE,,,g,active
ai-wrote-this-shirt-t-shirt,,,Dev Mode,T-Shirt,"developer, coding, AI, software engineer, geek, humor, coffee, devmode, dark mode, tech gift",TRUE,Color,Black,Size,L,,,,0,,0,deny,manual,27.95,32.95,TRUE,TRUE,,,,AI Wrote This Shirt T-Shirt - Black - L,FALSE,,,g,active
ai-wrote-this-shirt-t-shirt,,,Dev Mode,T-Shirt,"developer, coding, AI, software engineer, geek, humor, coffee, devmode, dark mode, tech gift",TRUE,Color,Black,Size,XL,,,,0,,0,deny,manual,27.95,32.95,TRUE,TRUE,,,,AI Wrote This Shirt T-Shirt - Black - XL,FALSE,,,g,active
ai-wrote-this-shirt-t-shirt,,,Dev Mode,T-Shirt,"developer, coding, AI, software engineer, geek, humor, coffee, devmode, dark mode, tech gift",TRUE,Color,Black,Size,2XL,,,,0,,0,deny,manual,27.95,32.95,TRUE,TRUE,,,,AI Wrote This Shirt T-Shirt - Black - 2XL,FALSE,,,g,active
ai-wrote-this-shirt-t-shirt,,,Dev Mode,T-Shirt,"developer, coding, AI, software engineer, geek, humor, coffee, devmode, dark mode, tech gift",TRUE,Color,White,Size,S,,,,0,,0,deny,manual,27.95,32.95,TRUE,TRUE,,,,AI Wrote This Shirt T-Shirt - White - S,FALSE,,,g,active
ai-wrote-this-shirt-t-shirt,,,Dev Mode,T-Shirt,"developer, coding, AI, software engineer, geek, humor, coffee, devmode, dark mode, tech gift",TRUE,Color,White,Size,M,,,,0,,0,deny,manual,27.95,32.95,TRUE,TRUE,,,,AI Wrote This Shirt T-Shirt - White - M,FALSE,,,g,active
ai-wrote-this-shirt-t-shirt,,,Dev Mode,T-Shirt,"developer, coding, AI, software engineer, geek, humor, coffee, devmode, dark mode, tech gift",TRUE,Color,White,Size,L,,,,0,,0,deny,manual,27.95,32.95,TRUE,TRUE,,,,AI Wrote This Shirt T-Shirt - White - L,FALSE,,,g,active
ai-wrote-this-shirt-t-shirt,,,Dev Mode,T-Shirt,"developer, coding, AI, software engineer, geek, humor, coffee, devmode, dark mode, tech gift",TRUE,Color,White,Size,XL,,,,0,,0,deny,manual,27.95,32.95,TRUE,TRUE,,,,AI Wrote This Shirt T-Shirt - White - XL,FALSE,,,g,active
ai-wrote-this-shirt-t-shirt,,,Dev Mode,T-Shirt,"developer, coding, AI, software engineer, geek, humor, coffee, devmode, dark mode, tech gift",TRUE,Color,White,Size,2XL,,,,0,,0,deny,manual,27.95,32.95,TRUE,TRUE,,,,AI Wrote This Shirt T-Shirt - White - 2XL,FALSE,,,g,active
dark-mode-everything-t-shirt,Dark Mode Everything T-Shirt,<p>Premium unisex tee (Bella+Canvas 3001). Large back design in monospaced type. Small Dev Mode logo on left chest. Soft and lightweight.</p>,Dev Mode,T-Shirt,"developer, coding, AI, software engineer, geek, humor, coffee, devmode, dark mode, tech gift",TRUE,Color,Black,Size,S,,,,0,,0,deny,manual,27.95,32.95,TRUE,TRUE,,,,Dark Mode Everything T-Shirt - Black - S,FALSE,Dark Mode Everything T-Shirt | Dev Mode T-Shirt for Developers,"Monospaced developer tee built for dark mode lovers. Clean design, premium feel. Printed on demand in the USA.",g,active
dark-mode-everything-t-shirt,,,Dev Mode,T-Shirt,"developer, coding, AI, software engineer, geek, humor, coffee, devmode, dark mode, tech gift",TRUE,Color,Black,Size,M,,,,0,,0,deny,manual,27.95,32.95,TRUE,TRUE,,,,Dark Mode Everything T-Shirt - Black - M,FALSE,,,g,active
dark-mode-everything-t-shirt,,,Dev Mode,T-Shirt,"developer, coding, AI, software engineer, geek, humor, coffee, devmode, dark mode, tech gift",TRUE,Color,Black,Size,L,,,,0,,0,deny,manual,27.95,32.95,TRUE,TRUE,,,,Dark Mode Everything T-Shirt - Black - L,FALSE,,,g,active
dark-mode-everything-t-shirt,,,Dev Mode,T-Shirt,"developer, coding, AI, software engineer, geek, humor, coffee, devmode, dark mode, tech gift",TRUE,Color,Black,Size,XL,,,,0,,0,deny,manual,27.95,32.95,TRUE,TRUE,,,,Dark Mode Everything T-Shirt - Black - XL,FALSE,,,g,active
dark-mode-everything-t-shirt,,,Dev Mode,T-Shirt,"developer, coding, AI, software engineer, geek, humor, coffee, devmode, dark mode, tech gift",TRUE,Color,Black,Size,2XL,,,,0,,0,deny,manual,27.95,32.95,TRUE,TRUE,,,,Dark Mode Everything T-Shirt - Black - 2XL,FALSE,,,g,active
dark-mode-everything-t-shirt,,,Dev Mode,T-Shirt,"developer, coding, AI, software engineer, geek, humor, coffee, devmode, dark mode, tech gift",TRUE,Color,White,Size,S,,,,0,,0,deny,manual,27.95,32.95,TRUE,TRUE,,,,Dark Mode Everything T-Shirt - White - S,FALSE,,,g,active
dark-mode-everything-t-shirt,,,Dev Mode,T-Shirt,"developer, coding, AI, software engineer, geek, humor, coffee, devmode, dark mode, tech gift",TRUE,Color,White,Size,M,,,,0,,0,deny,manual,27.95,32.95,TRUE,TRUE,,,,Dark Mode Everything T-Shirt - White - M,FALSE,,,g,active
dark-mode-everything-t-shirt,,,Dev Mode,T-Shirt,"developer, coding, AI, software engineer, geek, humor, coffee, devmode, dark mode, tech gift",TRUE,Color,White,Size,L,,,,0,,0,deny,manual,27.95,32.95,TRUE,TRUE,,,,Dark Mode Everything T-Shirt - White - L,FALSE,,,g,active
dark-mode-everything-t-shirt,,,Dev Mode,T-Shirt,"developer, coding, AI, software engineer, geek, humor, coffee, devmode, dark mode, tech gift",TRUE,Color,White,Size,XL,,,,0,,0,deny,manual,27.95,32.95,TRUE,TRUE,,,,Dark Mode Everything T-Shirt - White - XL,FALSE,,,g,active
dark-mode-everything-t-shirt,,,Dev Mode,T-Shirt,"developer, coding, AI, software engineer, geek, humor, coffee, devmode, dark mode, tech gift",TRUE,Color,White,Size,2XL,,,,0,,0,deny,manual,27.95,32.95,TRUE,TRUE,,,,Dark Mode Everything T-Shirt - White - 2XL,FALSE,,,g,active
sudo-make-me-a-coffee-t-shirt,sudo make me a coffee T-Shirt,<p>Premium unisex tee (Bella+Canvas 3001). Large back design in monospaced type. Small Dev Mode logo on left chest. Soft and lightweight.</p>,Dev Mode,T-Shirt,"developer, coding, AI, software engineer, geek, humor, coffee, devmode, dark mode, tech gift",TRUE,Color,Black,Size,S,,,,0,,0,deny,manual,27.95,32.95,TRUE,TRUE,,,,sudo make me a coffee T-Shirt - Black - S,FALSE,sudo make me a coffee T-Shirt | Dev Mode T-Shirt for Developers,"Monospaced developer tee built for dark mode lovers. Clean design, premium feel. Printed on demand in the USA.",g,active
sudo-make-me-a-coffee-t-shirt,,,Dev Mode,T-Shirt,"developer, coding, AI, software engineer, geek, humor, coffee, devmode, dark mode, tech gift",TRUE,Color,Black,Size,M,,,,0,,0,deny,manual,27.95,32.95,TRUE,TRUE,,,,sudo make me a coffee T-Shirt - Black - M,FALSE,,,g,active
sudo-make-me-a-coffee-t-shirt,,,Dev Mode,T-Shirt,"developer, coding, AI, software engineer, geek, humor, coffee, devmode, dark mode, tech gift",TRUE,Color,Black,Size,L,,,,0,,0,deny,manual,27.95,32.95,TRUE,TRUE,,,,sudo make me a coffee T-Shirt - Black - L,FALSE,,,g,active
sudo-make-me-a-coffee-t-shirt,,,Dev Mode,T-Shirt,"developer, coding, AI, software engineer, geek, humor, coffee, devmode, dark mode, tech gift",TRUE,Color,Black,Size,XL,,,,0,,0,deny,manual,27.95,32.95,TRUE,TRUE,,,,sudo make me a coffee T-Shirt - Black - XL,FALSE,,,g,active
sudo-make-me-a-coffee-t-shirt,,,Dev Mode,T-Shirt,"developer, coding, AI, software engineer, geek, humor, coffee, devmode, dark mode, tech gift",TRUE,Color,Black,Size,2XL,,,,0,,0,deny,manual,27.95,32.95,TRUE,TRUE,,,,sudo make me a coffee T-Shirt - Black - 2XL,FALSE,,,g,active
sudo-make-me-a-coffee-t-shirt,,,Dev Mode,T-Shirt,"developer, coding, AI, software engineer, geek, humor, coffee, devmode, dark mode, tech gift",TRUE,Color,White,Size,S,,,,0,,0,deny,manual,27.95,32.95,TRUE,TRUE,,,,sudo make me a coffee T-Shirt - White - S,FALSE,,,g,active
sudo-make-me-a-coffee-t-shirt,,,Dev Mode,T-Shirt,"developer, coding, AI, software engineer, geek, humor, coffee, devmode, dark mode, tech gift",TRUE,Color,White,Size,M,,,,0,,0,deny,manual,27.95,32.95,TRUE,TRUE,,,,sudo make me a coffee T-Shirt - White - M,FALSE,,,g,active
sudo-make-me-a-coffee-t-shirt,,,Dev Mode,T-Shirt,"developer, coding, AI, software engineer, geek, humor, coffee, devmode, dark mode, tech gift",TRUE,Color,White,Size,L,,,,0,,0,deny,manual,27.95,32.95,TRUE,TRUE,,,,sudo make me a coffee T-Shirt - White - L,FALSE,,,g,active
sudo-make-me-a-coffee-t-shirt,,,Dev Mode,T-Shirt,"developer, coding, AI, software engineer, geek, humor, coffee, devmode, dark mode, tech gift",TRUE,Color,White,Size,XL,,,,0,,0,deny,manual,27.95,32.95,TRUE,TRUE,,,,sudo make me a coffee T-Shirt - White - XL,FALSE,,,g,active
sudo-make-me-a-coffee-t-shirt,,,Dev Mode,T-Shirt,"developer, coding, AI, software engineer, geek, humor, coffee, devmode, dark mode, tech gift",TRUE,Color,White,Size,2XL,,,,0,,0,deny,manual,27.95,32.95,TRUE,TRUE,,,,sudo make me a coffee T-Shirt - White - 2XL,FALSE,,,g,active
404-sleep-not-found-t-shirt,404 Sleep Not Found T-Shirt,<p>Premium unisex tee (Bella+Canvas 3001). Large back design in monospaced type. Small Dev Mode logo on left chest. Soft and lightweight.</p>,Dev Mode,T-Shirt,"developer, coding, AI, software engineer, geek, humor, coffee, devmode, dark mode, tech gift",TRUE,Color,Black,Size,S,,,,0,,0,deny,manual,27.95,32.95,TRUE,TRUE,,,,404 Sleep Not Found T-Shirt - Black - S,FALSE,404 Sleep Not Found T-Shirt | Dev Mode T-Shirt for Developers,"Monospaced developer tee built for dark mode lovers. Clean design, premium feel. Printed on demand in the USA.",g,active
404-sleep-not-found-t-shirt,,,Dev Mode,T-Shirt,"developer, coding, AI, software engineer, geek, humor, coffee, devmode, dark mode, tech gift",TRUE,Color,Black,Size,M,,,,0,,0,deny,manual,27.95,32.95,TRUE,TRUE,,,,404 Sleep Not Found T-Shirt - Black - M,FALSE,,,g,active
404-sleep-not-found-t-shirt,,,Dev Mode,T-Shirt,"developer, coding, AI, software engineer, geek, humor, coffee, devmode, dark mode, tech gift",TRUE,Color,Black,Size,L,,,,0,,0,deny,manual,27.95,32.95,TRUE,TRUE,,,,404 Sleep Not Found T-Shirt - Black - L,FALSE,,,g,active
404-sleep-not-found-t-shirt,,,Dev Mode,T-Shirt,"developer, coding, AI, software engineer, geek, humor, coffee, devmode, dark mode, tech gift",TRUE,Color,Black,Size,XL,,,,0,,0,deny,manual,27.95,32.95,TRUE,TRUE,,,,404 Sleep Not Found T-Shirt - Black - XL,FALSE,,,g,active
404-sleep-not-found-t-shirt,,,Dev Mode,T-Shirt,"developer, coding, AI, software engineer, geek, humor, coffee, devmode, dark mode, tech gift",TRUE,Color,Black,Size,2XL,,,,0,,0,deny,manual,27.95,32.95,TRUE,TRUE,,,,404 Sleep Not Found T-Shirt - Black - 2XL,FALSE,,,g,active
404-sleep-not-found-t-shirt,,,Dev Mode,T-Shirt,"developer, coding, AI, software engineer, geek, humor, coffee, devmode, dark mode, tech gift",TRUE,Color,White,Size,S,,,,0,,0,deny,manual,27.95,32.95,TRUE,TRUE,,,,404 Sleep Not Found T-Shirt - White - S,FALSE,,,g,active
404-sleep-not-found-t-shirt,,,Dev Mode,T-Shirt,"developer, coding, AI, software engineer, geek, humor, coffee, devmode, dark mode, tech gift",TRUE,Color,White,Size,M,,,,0,,0,deny,manual,27.95,32.95,TRUE,TRUE,,,,404 Sleep Not Found T-Shirt - White - M,FALSE,,,g,active
404-sleep-not-found-t-shirt,,,Dev Mode,T-Shirt,"developer, coding, AI, software engineer, geek, humor, coffee, devmode, dark mode, tech gift",TRUE,Color,White,Size,L,,,,0,,0,deny,manual,27.95,32.95,TRUE,TRUE,,,,404 Sleep Not Found T-Shirt - White - L,FALSE,,,g,active
404-sleep-not-found-t-shirt,,,Dev Mode,T-Shirt,"developer, coding, AI, software engineer, geek, humor, coffee, devmode, dark mode, tech gift",TRUE,Color,White,Size,XL,,,,0,,0,deny,manual,27.95,32.95,TRUE,TRUE,,,,404 Sleep Not Found T-Shirt - White - XL,FALSE,,,g,active
404-sleep-not-found-t-shirt,,,Dev Mode,T-Shirt,"developer, coding, AI, software engineer, geek, humor, coffee, devmode, dark mode, tech gift",TRUE,Color,White,Size,2XL,,,,0,,0,deny,manual,27.95,32.95,TRUE,TRUE,,,,404 Sleep Not Found T-Shirt - White - 2XL,FALSE,,,g,active
code-coffee-repeat-t-shirt,Code. Coffee. Repeat. T-Shirt,<p>Premium unisex tee (Bella+Canvas 3001). Large back design in monospaced type. Small Dev Mode logo on left chest. Soft and lightweight.</p>,Dev Mode,T-Shirt,"developer, coding, AI, software engineer, geek, humor, coffee, devmode, dark mode, tech gift",TRUE,Color,Black,Size,S,,,,0,,0,deny,manual,27.95,32.95,TRUE,TRUE,,,,Code. Coffee. Repeat. T-Shirt - Black - S,FALSE,Code. Coffee. Repeat. T-Shirt | Dev Mode T-Shirt for Developers,"Monospaced developer tee built for dark mode lovers. Clean design, premium feel. Printed on demand in the USA.",g,active
code-coffee-repeat-t-shirt,,,Dev Mode,T-Shirt,"developer, coding, AI, software engineer, geek, humor, coffee, devmode, dark mode, tech gift",TRUE,Color,Black,Size,M,,,,0,,0,deny,manual,27.95,32.95,TRUE,TRUE,,,,Code. Coffee. Repeat. T-Shirt - Black - M,FALSE,,,g,active
code-coffee-repeat-t-shirt,,,Dev Mode,T-Shirt,"developer, coding, AI, software engineer, geek, humor, coffee, devmode, dark mode, tech gift",TRUE,Color,Black,Size,L,,,,0,,0,deny,manual,27.95,32.95,TRUE,TRUE,,,,Code. Coffee. Repeat. T-Shirt - Black - L,FALSE,,,g,active
code-coffee-repeat-t-shirt,,,Dev Mode,T-Shirt,"developer, coding, AI, software engineer, geek, humor, coffee, devmode, dark mode, tech gift",TRUE,Color,Black,Size,XL,,,,0,,0,deny,manual,27.95,32.95,TRUE,TRUE,,,,Code. Coffee. Repeat. T-Shirt - Black - XL,FALSE,,,g,active
code-coffee-repeat-t-shirt,,,Dev Mode,T-Shirt,"developer, coding, AI, software engineer, geek, humor, coffee, devmode, dark mode, tech gift",TRUE,Color,Black,Size,2XL,,,,0,,0,deny,manual,27.95,32.95,TRUE,TRUE,,,,Code. Coffee. Repeat. T-Shirt - Black - 2XL,FALSE,,,g,active
code-coffee-repeat-t-shirt,,,Dev Mode,T-Shirt,"developer, coding, AI, software engineer, geek, humor, coffee, devmode, dark mode, tech gift",TRUE,Color,White,Size,S,,,,0,,0,deny,manual,27.95,32.95,TRUE,TRUE,,,,Code. Coffee. Repeat. T-Shirt - White - S,FALSE,,,g,active
code-coffee-repeat-t-shirt,,,Dev Mode,T-Shirt,"developer, coding, AI, software engineer, geek, humor, coffee, devmode, dark mode, tech gift",TRUE,Color,White,Size,M,,,,0,,0,deny,manual,27.95,32.95,TRUE,TRUE,,,,Code. Coffee. Repeat. T-Shirt - White - M,FALSE,,,g,active
code-coffee-repeat-t-shirt,,,Dev Mode,T-Shirt,"developer, coding, AI, software engineer, geek, humor, coffee, devmode, dark mode, tech gift",TRUE,Color,White,Size,L,,,,0,,0,deny,manual,27.95,32.95,TRUE,TRUE,,,,Code. Coffee. Repeat. T-Shirt - White - L,FALSE,,,g,active
code-coffee-repeat-t-shirt,,,Dev Mode,T-Shirt,"developer, coding, AI, software engineer, geek, humor, coffee, devmode, dark mode, tech gift",TRUE,Color,White,Size,XL,,,,0,,0,deny,manual,27.95,32.95,TRUE,TRUE,,,,Code. Coffee. Repeat. T-Shirt - White - XL,FALSE,,,g,active
code-coffee-repeat-t-shirt,,,Dev Mode,T-Shirt,"developer, coding, AI, software engineer, geek, humor, coffee, devmode, dark mode, tech gift",TRUE,Color,White,Size,2XL,,,,0,,0,deny,manual,27.95,32.95,TRUE,TRUE,,,,Code. Coffee. Repeat. T-Shirt - White - 2XL,FALSE,,,g,active
in-dev-mode-t-shirt,In Dev Mode T-Shirt,<p>Premium unisex tee (Bella+Canvas 3001). Large back design in monospaced type. Small Dev Mode logo on left chest. Soft and lightweight.</p>,Dev Mode,T-Shirt,"developer, coding, AI, software engineer, geek, humor, coffee, devmode, dark mode, tech gift",TRUE,Color,Black,Size,S,,,,0,,0,deny,manual,27.95,32.95,TRUE,TRUE,,,,In Dev Mode T-Shirt - Black - S,FALSE,In Dev Mode T-Shirt | Dev Mode T-Shirt for Developers,"Monospaced developer tee built for dark mode lovers. Clean design, premium feel. Printed on demand in the USA.",g,active
in-dev-mode-t-shirt,,,Dev Mode,T-Shirt,"developer, coding, AI, software engineer, geek, humor, coffee, devmode, dark mode, tech gift",TRUE,Color,Black,Size,M,,,,0,,0,deny,manual,27.95,32.95,TRUE,TRUE,,,,In Dev Mode T-Shirt - Black - M,FALSE,,,g,active
in-dev-mode-t-shirt,,,Dev Mode,T-Shirt,"developer, coding, AI, software engineer, geek, humor, coffee, devmode, dark mode, tech gift",TRUE,Color,Black,Size,L,,,,0,,0,deny,manual,27.95,32.95,TRUE,TRUE,,,,In Dev Mode T-Shirt - Black - L,FALSE,,,g,active
in-dev-mode-t-shirt,,,Dev Mode,T-Shirt,"developer, coding, AI, software engineer, geek, humor, coffee, devmode, dark mode, tech gift",TRUE,Color,Black,Size,XL,,,,0,,0,deny,manual,27.95,32.95,TRUE,TRUE,,,,In Dev Mode T-Shirt - Black - XL,FALSE,,,g,active
in-dev-mode-t-shirt,,,Dev Mode,T-Shirt,"developer, coding, AI, software engineer, geek, humor, coffee, devmode, dark mode, tech gift",TRUE,Color,Black,Size,2XL,,,,0,,0,deny,manual,27.95,32.95,TRUE,TRUE,,,,In Dev Mode T-Shirt - Black - 2XL,FALSE,,,g,active
in-dev-mode-t-shirt,,,Dev Mode,T-Shirt,"developer, coding, AI, software engineer, geek, humor, coffee, devmode, dark mode, tech gift",TRUE,Color,White,Size,S,,,,0,,0,deny,manual,27.95,32.95,TRUE,TRUE,,,,In Dev Mode T-Shirt - White - S,FALSE,,,g,active
in-dev-mode-t-shirt,,,Dev Mode,T-Shirt,"developer, coding, AI, software engineer, geek, humor, coffee, devmode, dark mode, tech gift",TRUE,Color,White,Size,M,,,,0,,0,deny,manual,27.95,32.95,TRUE,TRUE,,,,In Dev Mode T-Shirt - White - M,FALSE,,,g,active
in-dev-mode-t-shirt,,,Dev Mode,T-Shirt,"developer, coding, AI, software engineer, geek, humor, coffee, devmode, dark mode, tech gift",TRUE,Color,White,Size,L,,,,0,,0,deny,manual,27.95,32.95,TRUE,TRUE,,,,In Dev Mode T-Shirt - White - L,FALSE,,,g,active
in-dev-mode-t-shirt,,,Dev Mode,T-Shirt,"developer, coding, AI, software engineer, geek, humor, coffee, devmode, dark mode, tech gift",TRUE,Color,White,Size,XL,,,,0,,0,deny,manual,27.95,32.95,TRUE,TRUE,,,,In Dev Mode T-Shirt - White - XL,FALSE,,,g,active
in-dev-mode-t-shirt,,,Dev Mode,T-Shirt,"developer, coding, AI, software engineer, geek, humor, coffee, devmode, dark mode, tech gift",TRUE,Color,White,Size,2XL,,,,0,,0,deny,manual,27.95,32.95,TRUE,TRUE,,,,In Dev Mode T-Shirt - White - 2XL,FALSE,,,g,active
artificially-intelligent-t-shirt,Artificially Intelligent T-Shirt,<p>Premium unisex tee (Bella+Canvas 3001). Large back design in monospaced type. Small Dev Mode logo on left chest. Soft and lightweight.</p>,Dev Mode,T-Shirt,"developer, coding, AI, software engineer, geek, humor, coffee, devmode, dark mode, tech gift",TRUE,Color,Black,Size,S,,,,0,,0,deny,manual,27.95,32.95,TRUE,TRUE,,,,Artificially Intelligent T-Shirt - Black - S,FALSE,Artificially Intelligent T-Shirt | Dev Mode T-Shirt for Developers,"Monospaced developer tee built for dark mode lovers. Clean design, premium feel. Printed on demand in the USA.",g,active
artificially-intelligent-t-shirt,,,Dev Mode,T-Shirt,"developer, coding, AI, software engineer, geek, humor, coffee, devmode, dark mode, tech gift",TRUE,Color,Black,Size,M,,,,0,,0,deny,manual,27.95,32.95,TRUE,TRUE,,,,Artificially Intelligent T-Shirt - Black - M,FALSE,,,g,active
artificially-intelligent-t-shirt,,,Dev Mode,T-Shirt,"developer, coding, AI, software engineer, geek, humor, coffee, devmode, dark mode, tech gift",TRUE,Color,Black,Size,L,,,,0,,0,deny,manual,27.95,32.95,TRUE,TRUE,,,,Artificially Intelligent T-Shirt - Black - L,FALSE,,,g,active
artificially-intelligent-t-shirt,,,Dev Mode,T-Shirt,"developer, coding, AI, software engineer, geek, humor, coffee, devmode, dark mode, tech gift",TRUE,Color,Black,Size,XL,,,,0,,0,deny,manual,27.95,32.95,TRUE,TRUE,,,,Artificially Intelligent T-Shirt - Black - XL,FALSE,,,g,active
artificially-intelligent-t-shirt,,,Dev Mode,T-Shirt,"developer, coding, AI, software engineer, geek, humor, coffee, devmode, dark mode, tech gift",TRUE,Color,Black,Size,2XL,,,,0,,0,deny,manual,27.95,32.95,TRUE,TRUE,,,,Artificially Intelligent T-Shirt - Black - 2XL,FALSE,,,g,active
artificially-intelligent-t-shirt,,,Dev Mode,T-Shirt,"developer, coding, AI, software engineer, geek, humor, coffee, devmode, dark mode, tech gift",TRUE,Color,White,Size,S,,,,0,,0,deny,manual,27.95,32.95,TRUE,TRUE,,,,Artificially Intelligent T-Shirt - White - S,FALSE,,,g,active
artificially-intelligent-t-shirt,,,Dev Mode,T-Shirt,"developer, coding, AI, software engineer, geek, humor, coffee, devmode, dark mode, tech gift",TRUE,Color,White,Size,M,,,,0,,0,deny,manual,27.95,32.95,TRUE,TRUE,,,,Artificially Intelligent T-Shirt - White - M,FALSE,,,g,active
artificially-intelligent-t-shirt,,,Dev Mode,T-Shirt,"developer, coding, AI, software engineer, geek, humor, coffee, devmode, dark mode, tech gift",TRUE,Color,White,Size,L,,,,0,,0,deny,manual,27.95,32.95,TRUE,TRUE,,,,Artificially Intelligent T-Shirt - White - L,FALSE,,,g,active
artificially-intelligent-t-shirt,,,Dev Mode,T-Shirt,"developer, coding, AI, software engineer, geek, humor, coffee, devmode, dark mode, tech gift",TRUE,Color,White,Size,XL,,,,0,,0,deny,manual,27.95,32.95,TRUE,TRUE,,,,Artificially Intelligent T-Shirt - White - XL,FALSE,,,g,active
artificially-intelligent-t-shirt,,,Dev Mode,T-Shirt,"developer, coding, AI, software engineer, geek, humor, coffee, devmode, dark mode, tech gift",TRUE,Color,White,Size,2XL,,,,0,,0,deny,manual,27.95,32.95,TRUE,TRUE,,,,Artificially Intelligent T-Shirt - White - 2XL,FALSE,,,g,active
ship-it-friday-t-shirt,Ship It Friday T-Shirt,<p>Premium unisex tee (Bella+Canvas 3001). Large back design in monospaced type. Small Dev Mode logo on left chest. Soft and lightweight.</p>,Dev Mode,T-Shirt,"developer, coding, AI, software engineer, geek, humor, coffee, devmode, dark mode, tech gift",TRUE,Color,Black,Size,S,,,,0,,0,deny,manual,27.95,32.95,TRUE,TRUE,,,,Ship It Friday T-Shirt - Black - S,FALSE,Ship It Friday T-Shirt | Dev Mode T-Shirt for Developers,"Monospaced developer tee built for dark mode lovers. Clean design, premium feel. Printed on demand in the USA.",g,active
ship-it-friday-t-shirt,,,Dev Mode,T-Shirt,"developer, coding, AI, software engineer, geek, humor, coffee, devmode, dark mode, tech gift",TRUE,Color,Black,Size,M,,,,0,,0,deny,manual,27.95,32.95,TRUE,TRUE,,,,Ship It Friday T-Shirt - Black - M,FALSE,,,g,active
ship-it-friday-t-shirt,,,Dev Mode,T-Shirt,"developer, coding, AI, software engineer, geek, humor, coffee, devmode, dark mode, tech gift",TRUE,Color,Black,Size,L,,,,0,,0,deny,manual,27.95,32.95,TRUE,TRUE,,,,Ship It Friday T-Shirt - Black - L,FALSE,,,g,active
ship-it-friday-t-shirt,,,Dev Mode,T-Shirt,"developer, coding, AI, software engineer, geek, humor, coffee, devmode, dark mode, tech gift",TRUE,Color,Black,Size,XL,,,,0,,0,deny,manual,27.95,32.95,TRUE,TRUE,,,,Ship It Friday T-Shirt - Black - XL,FALSE,,,g,active
ship-it-friday-t-shirt,,,Dev Mode,T-Shirt,"developer, coding, AI, software engineer, geek, humor, coffee, devmode, dark mode, tech gift",TRUE,Color,Black,Size,2XL,,,,0,,0,deny,manual,27.95,32.95,TRUE,TRUE,,,,Ship It Friday T-Shirt - Black - 2XL,FALSE,,,g,active
ship-it-friday-t-shirt,,,Dev Mode,T-Shirt,"developer, coding, AI, software engineer, geek, humor, coffee, devmode, dark mode, tech gift",TRUE,Color,White,Size,S,,,,0,,0,deny,manual,27.95,32.95,TRUE,TRUE,,,,Ship It Friday T-Shirt - White - S,FALSE,,,g,active
ship-it-friday-t-shirt,,,Dev Mode,T-Shirt,"developer, coding, AI, software engineer, geek, humor, coffee, devmode, dark mode, tech gift",TRUE,Color,White,Size,M,,,,0,,0,deny,manual,27.95,32.95,TRUE,TRUE,,,,Ship It Friday T-Shirt - White - M,FALSE,,,g,active
ship-it-friday-t-shirt,,,Dev Mode,T-Shirt,"developer, coding, AI, software engineer, geek, humor, coffee, devmode, dark mode, tech gift",TRUE,Color,White,Size,L,,,,0,,0,deny,manual,27.95,32.95,TRUE,TRUE,,,,Ship It Friday T-Shirt - White - L,FALSE,,,g,active
ship-it-friday-t-shirt,,,Dev Mode,T-Shirt,"developer, coding, AI, software engineer, geek, humor, coffee, devmode, dark mode, tech gift",TRUE,Color,White,Size,XL,,,,0,,0,deny,manual,27.95,32.95,TRUE,TRUE,,,,Ship It Friday T-Shirt - White - XL,FALSE,,,g,active
ship-it-friday-t-shirt,,,Dev Mode,T-Shirt,"developer, coding, AI, software engineer, geek, humor, coffee, devmode, dark mode, tech gift",TRUE,Color,White,Size,2XL,,,,0,,0,deny,manual,27.95,32.95,TRUE,TRUE,,,,Ship It Friday T-Shirt - White - 2XL,FALSE,,,g,active
i-have-no-bugs---just-features-t-shirt,I Have No Bugs — Just Features T-Shirt,<p>Premium unisex tee (Bella+Canvas 3001). Large back design in monospaced type. Small Dev Mode logo on left chest. Soft and lightweight.</p>,Dev Mode,T-Shirt,"developer, coding, AI, software engineer, geek, humor, coffee, devmode, dark mode, tech gift",TRUE,Color,Black,Size,S,,,,0,,0,deny,manual,27.95,32.95,TRUE,TRUE,,,,I Have No Bugs — Just Features T-Shirt - Black - S,FALSE,I Have No Bugs — Just Features T-Shirt | Dev Mode T-Shirt for Developers,"Monospaced developer tee built for dark mode lovers. Clean design, premium feel. Printed on demand in the USA.",g,active
i-have-no-bugs---just-features-t-shirt,,,Dev Mode,T-Shirt,"developer, coding, AI, software engineer, geek, humor, coffee, devmode, dark mode, tech gift",TRUE,Color,Black,Size,M,,,,0,,0,deny,manual,27.95,32.95,TRUE,TRUE,,,,I Have No Bugs — Just Features T-Shirt - Black - M,FALSE,,,g,active
i-have-no-bugs---just-features-t-shirt,,,Dev Mode,T-Shirt,"developer, coding, AI, software engineer, geek, humor, coffee, devmode, dark mode, tech gift",TRUE,Color,Black,Size,L,,,,0,,0,deny,manual,27.95,32.95,TRUE,TRUE,,,,I Have No Bugs — Just Features T-Shirt - Black - L,FALSE,,,g,active
i-have-no-bugs---just-features-t-shirt,,,Dev Mode,T-Shirt,"developer, coding, AI, software engineer, geek, humor, coffee, devmode, dark mode, tech gift",TRUE,Color,Black,Size,XL,,,,0,,0,deny,manual,27.95,32.95,TRUE,TRUE,,,,I Have No Bugs — Just Features T-Shirt - Black - XL,FALSE,,,g,active
i-have-no-bugs---just-features-t-shirt,,,Dev Mode,T-Shirt,"developer, coding, AI, software engineer, geek, humor, coffee, devmode, dark mode, tech gift",TRUE,Color,Black,Size,2XL,,,,0,,0,deny,manual,27.95,32.95,TRUE,TRUE,,,,I Have No Bugs — Just Features T-Shirt - Black - 2XL,FALSE,,,g,active
i-have-no-bugs---just-features-t-shirt,,,Dev Mode,T-Shirt,"developer, coding, AI, software engineer, geek, humor, coffee, devmode, dark mode, tech gift",TRUE,Color,White,Size,S,,,,0,,0,deny,manual,27.95,32.95,TRUE,TRUE,,,,I Have No Bugs — Just Features T-Shirt - White - S,FALSE,,,g,active
i-have-no-bugs---just-features-t-shirt,,,Dev Mode,T-Shirt,"developer, coding, AI, software engineer, geek, humor, coffee, devmode, dark mode, tech gift",TRUE,Color,White,Size,M,,,,0,,0,deny,manual,27.95,32.95,TRUE,TRUE,,,,I Have No Bugs — Just Features T-Shirt - White - M,FALSE,,,g,active
i-have-no-bugs---just-features-t-shirt,,,Dev Mode,T-Shirt,"developer, coding, AI, software engineer, geek, humor, coffee, devmode, dark mode, tech gift",TRUE,Color,White,Size,L,,,,0,,0,deny,manual,27.95,32.95,TRUE,TRUE,,,,I Have No Bugs — Just Features T-Shirt - White - L,FALSE,,,g,active
i-have-no-bugs---just-features-t-shirt,,,Dev Mode,T-Shirt,"developer, coding, AI, software engineer, geek, humor, coffee, devmode, dark mode, tech gift",TRUE,Color,White,Size,XL,,,,0,,0,deny,manual,27.95,32.95,TRUE,TRUE,,,,I Have No Bugs — Just Features T-Shirt - White - XL,FALSE,,,g,active
i-have-no-bugs---just-features-t-shirt,,,Dev Mode,T-Shirt,"developer, coding, AI, software engineer, geek, humor, coffee, devmode, dark mode, tech gift",TRUE,Color,White,Size,2XL,,,,0,,0,deny,manual,27.95,32.95,TRUE,TRUE,,,,I Have No Bugs — Just Features T-Shirt - White - 2XL,FALSE,,,g,active
hello-world-hoodie,Hello World Hoodie,<p>Premium fleece hoodie. Large back design in monospaced type. Small contrasting Dev Mode logo on left sleeve cuff.</p>,Dev Mode,Hoodie,"developer, coding, AI, software engineer, geek, humor, coffee, devmode, dark mode, tech gift",TRUE,Color,Black,Size,S,,,,0,,0,deny,manual,44.95,54.95,TRUE,TRUE,,,,Hello World Hoodie - Black - S,FALSE,Hello World Hoodie | Dev Mode Hoodie for Developers,Monospaced developer hoodie with sleeve logo. Clean streetwear aesthetic. Printed on demand in the USA.,g,active
hello-world-hoodie,,,Dev Mode,Hoodie,"developer, coding, AI, software engineer, geek, humor, coffee, devmode, dark mode, tech gift",TRUE,Color,Black,Size,M,,,,0,,0,deny,manual,44.95,54.95,TRUE,TRUE,,,,Hello World Hoodie - Black - M,FALSE,,,g,active
hello-world-hoodie,,,Dev Mode,Hoodie,"developer, coding, AI, software engineer, geek, humor, coffee, devmode, dark mode, tech gift",TRUE,Color,Black,Size,L,,,,0,,0,deny,manual,44.95,54.95,TRUE,TRUE,,,,Hello World Hoodie - Black - L,FALSE,,,g,active
hello-world-hoodie,,,Dev Mode,Hoodie,"developer, coding, AI, software engineer, geek, humor, coffee, devmode, dark mode, tech gift",TRUE,Color,Black,Size,XL,,,,0,,0,deny,manual,44.95,54.95,TRUE,TRUE,,,,Hello World Hoodie - Black - XL,FALSE,,,g,active
hello-world-hoodie,,,Dev Mode,Hoodie,"developer, coding, AI, software engineer, geek, humor, coffee, devmode, dark mode, tech gift",TRUE,Color,Black,Size,2XL,,,,0,,0,deny,manual,44.95,54.95,TRUE,TRUE,,,,Hello World Hoodie - Black - 2XL,FALSE,,,g,active
hello-world-hoodie,,,Dev Mode,Hoodie,"developer, coding, AI, software engineer, geek, humor, coffee, devmode, dark mode, tech gift",TRUE,Color,Heather Gray,Size,S,,,,0,,0,deny,manual,44.95,54.95,TRUE,TRUE,,,,Hello World Hoodie - Heather Gray - S,FALSE,,,g,active
hello-world-hoodie,,,Dev Mode,Hoodie,"developer, coding, AI, software engineer, geek, humor, coffee, devmode, dark mode, tech gift",TRUE,Color,Heather Gray,Size,M,,,,0,,0,deny,manual,44.95,54.95,TRUE,TRUE,,,,Hello World Hoodie - Heather Gray - M,FALSE,,,g,active
hello-world-hoodie,,,Dev Mode,Hoodie,"developer, coding, AI, software engineer, geek, humor, coffee, devmode, dark mode, tech gift",TRUE,Color,Heather Gray,Size,L,,,,0,,0,deny,manual,44.95,54.95,TRUE,TRUE,,,,Hello World Hoodie - Heather Gray - L,FALSE,,,g,active
hello-world-hoodie,,,Dev Mode,Hoodie,"developer, coding, AI, software engineer, geek, humor, coffee, devmode, dark mode, tech gift",TRUE,Color,Heather Gray,Size,XL,,,,0,,0,deny,manual,44.95,54.95,TRUE,TRUE,,,,Hello World Hoodie - Heather Gray - XL,FALSE,,,g,active
hello-world-hoodie,,,Dev Mode,Hoodie,"developer, coding, AI, software engineer, geek, humor, coffee, devmode, dark mode, tech gift",TRUE,Color,Heather Gray,Size,2XL,,,,0,,0,deny,manual,44.95,54.95,TRUE,TRUE,,,,Hello World Hoodie - Heather Gray - 2XL,FALSE,,,g,active
dark-mode-everything-hoodie,Dark Mode Everything Hoodie,<p>Premium fleece hoodie. Large back design in monospaced type. Small contrasting Dev Mode logo on left sleeve cuff.</p>,Dev Mode,Hoodie,"developer, coding, AI, software engineer, geek, humor, coffee, devmode, dark mode, tech gift",TRUE,Color,Black,Size,S,,,,0,,0,deny,manual,44.95,54.95,TRUE,TRUE,,,,Dark Mode Everything Hoodie - Black - S,FALSE,Dark Mode Everything Hoodie | Dev Mode Hoodie for Developers,Monospaced developer hoodie with sleeve logo. Clean streetwear aesthetic. Printed on demand in the USA.,g,active
dark-mode-everything-hoodie,,,Dev Mode,Hoodie,"developer, coding, AI, software engineer, geek, humor, coffee, devmode, dark mode, tech gift",TRUE,Color,Black,Size,M,,,,0,,0,deny,manual,44.95,54.95,TRUE,TRUE,,,,Dark Mode Everything Hoodie - Black - M,FALSE,,,g,active
dark-mode-everything-hoodie,,,Dev Mode,Hoodie,"developer, coding, AI, software engineer, geek, humor, coffee, devmode, dark mode, tech gift",TRUE,Color,Black,Size,L,,,,0,,0,deny,manual,44.95,54.95,TRUE,TRUE,,,,Dark Mode Everything Hoodie - Black - L,FALSE,,,g,active
dark-mode-everything-hoodie,,,Dev Mode,Hoodie,"developer, coding, AI, software engineer, geek, humor, coffee, devmode, dark mode, tech gift",TRUE,Color,Black,Size,XL,,,,0,,0,deny,manual,44.95,54.95,TRUE,TRUE,,,,Dark Mode Everything Hoodie - Black - XL,FALSE,,,g,active
dark-mode-everything-hoodie,,,Dev Mode,Hoodie,"developer, coding, AI, software engineer, geek, humor, coffee, devmode, dark mode, tech gift",TRUE,Color,Black,Size,2XL,,,,0,,0,deny,manual,44.95,54.95,TRUE,TRUE,,,,Dark Mode Everything Hoodie - Black - 2XL,FALSE,,,g,active
dark-mode-everything-hoodie,,,Dev Mode,Hoodie,"developer, coding, AI, software engineer, geek, humor, coffee, devmode, dark mode, tech gift",TRUE,Color,Heather Gray,Size,S,,,,0,,0,deny,manual,44.95,54.95,TRUE,TRUE,,,,Dark Mode Everything Hoodie - Heather Gray - S,FALSE,,,g,active
dark-mode-everything-hoodie,,,Dev Mode,Hoodie,"developer, coding, AI, software engineer, geek, humor, coffee, devmode, dark mode, tech gift",TRUE,Color,Heather Gray,Size,M,,,,0,,0,deny,manual,44.95,54.95,TRUE,TRUE,,,,Dark Mode Everything Hoodie - Heather Gray - M,FALSE,,,g,active
dark-mode-everything-hoodie,,,Dev Mode,Hoodie,"developer, coding, AI, software engineer, geek, humor, coffee, devmode, dark mode, tech gift",TRUE,Color,Heather Gray,Size,L,,,,0,,0,deny,manual,44.95,54.95,TRUE,TRUE,,,,Dark Mode Everything Hoodie - Heather Gray - L,FALSE,,,g,active
dark-mode-everything-hoodie,,,Dev Mode,Hoodie,"developer, coding, AI, software engineer, geek, humor, coffee, devmode, dark mode, tech gift",TRUE,Color,Heather Gray,Size,XL,,,,0,,0,deny,manual,44.95,54.95,TRUE,TRUE,,,,Dark Mode Everything Hoodie - Heather Gray - XL,FALSE,,,g,active
dark-mode-everything-hoodie,,,Dev Mode,Hoodie,"developer, coding, AI, software engineer, geek, humor, coffee, devmode, dark mode, tech gift",TRUE,Color,Heather Gray,Size,2XL,,,,0,,0,deny,manual,44.95,54.95,TRUE,TRUE,,,,Dark Mode Everything Hoodie - Heather Gray - 2XL,FALSE,,,g,active
404-sleep-not-found-hoodie,404 Sleep Not Found Hoodie,<p>Premium fleece hoodie. Large back design in monospaced type. Small contrasting Dev Mode logo on left sleeve cuff.</p>,Dev Mode,Hoodie,"developer, coding, AI, software engineer, geek, humor, coffee, devmode, dark mode, tech gift",TRUE,Color,Black,Size,S,,,,0,,0,deny,manual,44.95,54.95,TRUE,TRUE,,,,404 Sleep Not Found Hoodie - Black - S,FALSE,404 Sleep Not Found Hoodie | Dev Mode Hoodie for Developers,Monospaced developer hoodie with sleeve logo. Clean streetwear aesthetic. Printed on demand in the USA.,g,active
404-sleep-not-found-hoodie,,,Dev Mode,Hoodie,"developer, coding, AI, software engineer, geek, humor, coffee, devmode, dark mode, tech gift",TRUE,Color,Black,Size,M,,,,0,,0,deny,manual,44.95,54.95,TRUE,TRUE,,,,404 Sleep Not Found Hoodie - Black - M,FALSE,,,g,active
404-sleep-not-found-hoodie,,,Dev Mode,Hoodie,"developer, coding, AI, software engineer, geek, humor, coffee, devmode, dark mode, tech gift",TRUE,Color,Black,Size,L,,,,0,,0,deny,manual,44.95,54.95,TRUE,TRUE,,,,404 Sleep Not Found Hoodie - Black - L,FALSE,,,g,active
404-sleep-not-found-hoodie,,,Dev Mode,Hoodie,"developer, coding, AI, software engineer, geek, humor, coffee, devmode, dark mode, tech gift",TRUE,Color,Black,Size,XL,,,,0,,0,deny,manual,44.95,54.95,TRUE,TRUE,,,,404 Sleep Not Found Hoodie - Black - XL,FALSE,,,g,active
404-sleep-not-found-hoodie,,,Dev Mode,Hoodie,"developer, coding, AI, software engineer, geek, humor, coffee, devmode, dark mode, tech gift",TRUE,Color,Black,Size,2XL,,,,0,,0,deny,manual,44.95,54.95,TRUE,TRUE,,,,404 Sleep Not Found Hoodie - Black - 2XL,FALSE,,,g,active
404-sleep-not-found-hoodie,,,Dev Mode,Hoodie,"developer, coding, AI, software engineer, geek, humor, coffee, devmode, dark mode, tech gift",TRUE,Color,Heather Gray,Size,S,,,,0,,0,deny,manual,44.95,54.95,TRUE,TRUE,,,,404 Sleep Not Found Hoodie - Heather Gray - S,FALSE,,,g,active
404-sleep-not-found-hoodie,,,Dev Mode,Hoodie,"developer, coding, AI, software engineer, geek, humor, coffee, devmode, dark mode, tech gift",TRUE,Color,Heather Gray,Size,M,,,,0,,0,deny,manual,44.95,54.95,TRUE,TRUE,,,,404 Sleep Not Found Hoodie - Heather Gray - M,FALSE,,,g,active
404-sleep-not-found-hoodie,,,Dev Mode,Hoodie,"developer, coding, AI, software engineer, geek, humor, coffee, devmode, dark mode, tech gift",TRUE,Color,Heather Gray,Size,L,,,,0,,0,deny,manual,44.95,54.95,TRUE,TRUE,,,,404 Sleep Not Found Hoodie - Heather Gray - L,FALSE,,,g,active
404-sleep-not-found-hoodie,,,Dev Mode,Hoodie,"developer, coding, AI, software engineer, geek, humor, coffee, devmode, dark mode, tech gift",TRUE,Color,Heather Gray,Size,XL,,,,0,,0,deny,manual,44.95,54.95,TRUE,TRUE,,,,404 Sleep Not Found Hoodie - Heather Gray - XL,FALSE,,,g,active
404-sleep-not-found-hoodie,,,Dev Mode,Hoodie,"developer, coding, AI, software engineer, geek, humor, coffee, devmode, dark mode, tech gift",TRUE,Color,Heather Gray,Size,2XL,,,,0,,0,deny,manual,44.95,54.95,TRUE,TRUE,,,,404 Sleep Not Found Hoodie - Heather Gray - 2XL,FALSE,,,g,active
code-coffee-repeat-hoodie,Code. Coffee. Repeat. Hoodie,<p>Premium fleece hoodie. Large back design in monospaced type. Small contrasting Dev Mode logo on left sleeve cuff.</p>,Dev Mode,Hoodie,"developer, coding, AI, software engineer, geek, humor, coffee, devmode, dark mode, tech gift",TRUE,Color,Black,Size,S,,,,0,,0,deny,manual,44.95,54.95,TRUE,TRUE,,,,Code. Coffee. Repeat. Hoodie - Black - S,FALSE,Code. Coffee. Repeat. Hoodie | Dev Mode Hoodie for Developers,Monospaced developer hoodie with sleeve logo. Clean streetwear aesthetic. Printed on demand in the USA.,g,active
code-coffee-repeat-hoodie,,,Dev Mode,Hoodie,"developer, coding, AI, software engineer, geek, humor, coffee, devmode, dark mode, tech gift",TRUE,Color,Black,Size,M,,,,0,,0,deny,manual,44.95,54.95,TRUE,TRUE,,,,Code. Coffee. Repeat. Hoodie - Black - M,FALSE,,,g,active
code-coffee-repeat-hoodie,,,Dev Mode,Hoodie,"developer, coding, AI, software engineer, geek, humor, coffee, devmode, dark mode, tech gift",TRUE,Color,Black,Size,L,,,,0,,0,deny,manual,44.95,54.95,TRUE,TRUE,,,,Code. Coffee. Repeat. Hoodie - Black - L,FALSE,,,g,active
code-coffee-repeat-hoodie,,,Dev Mode,Hoodie,"developer, coding, AI, software engineer, geek, humor, coffee, devmode, dark mode, tech gift",TRUE,Color,Black,Size,XL,,,,0,,0,deny,manual,44.95,54.95,TRUE,TRUE,,,,Code. Coffee. Repeat. Hoodie - Black - XL,FALSE,,,g,active
code-coffee-repeat-hoodie,,,Dev Mode,Hoodie,"developer, coding, AI, software engineer, geek, humor, coffee, devmode, dark mode, tech gift",TRUE,Color,Black,Size,2XL,,,,0,,0,deny,manual,44.95,54.95,TRUE,TRUE,,,,Code. Coffee. Repeat. Hoodie - Black - 2XL,FALSE,,,g,active
code-coffee-repeat-hoodie,,,Dev Mode,Hoodie,"developer, coding, AI, software engineer, geek, humor, coffee, devmode, dark mode, tech gift",TRUE,Color,Heather Gray,Size,S,,,,0,,0,deny,manual,44.95,54.95,TRUE,TRUE,,,,Code. Coffee. Repeat. Hoodie - Heather Gray - S,FALSE,,,g,active
code-coffee-repeat-hoodie,,,Dev Mode,Hoodie,"developer, coding, AI, software engineer, geek, humor, coffee, devmode, dark mode, tech gift",TRUE,Color,Heather Gray,Size,M,,,,0,,0,deny,manual,44.95,54.95,TRUE,TRUE,,,,Code. Coffee. Repeat. Hoodie - Heather Gray - M,FALSE,,,g,active
code-coffee-repeat-hoodie,,,Dev Mode,Hoodie,"developer, coding, AI, software engineer, geek, humor, coffee, devmode, dark mode, tech gift",TRUE,Color,Heather Gray,Size,L,,,,0,,0,deny,manual,44.95,54.95,TRUE,TRUE,,,,Code. Coffee. Repeat. Hoodie - Heather Gray - L,FALSE,,,g,active
code-coffee-repeat-hoodie,,,Dev Mode,Hoodie,"developer, coding, AI, software engineer, geek, humor, coffee, devmode, dark mode, tech gift",TRUE,Color,Heather Gray,Size,XL,,,,0,,0,deny,manual,44.95,54.95,TRUE,TRUE,,,,Code. Coffee. Repeat. Hoodie - Heather Gray - XL,FALSE,,,g,active
code-coffee-repeat-hoodie,,,Dev Mode,Hoodie,"developer, coding, AI, software engineer, geek, humor, coffee, devmode, dark mode, tech gift",TRUE,Color,Heather Gray,Size,2XL,,,,0,,0,deny,manual,44.95,54.95,TRUE,TRUE,,,,Code. Coffee. Repeat. Hoodie - Heather Gray - 2XL,FALSE,,,g,active
in-dev-mode-hoodie,In Dev Mode Hoodie,<p>Premium fleece hoodie. Large back design in monospaced type. Small contrasting Dev Mode logo on left sleeve cuff.</p>,Dev Mode,Hoodie,"developer, coding, AI, software engineer, geek, humor, coffee, devmode, dark mode, tech gift",TRUE,Color,Black,Size,S,,,,0,,0,deny,manual,44.95,54.95,TRUE,TRUE,,,,In Dev Mode Hoodie - Black - S,FALSE,In Dev Mode Hoodie | Dev Mode Hoodie for Developers,Monospaced developer hoodie with sleeve logo. Clean streetwear aesthetic. Printed on demand in the USA.,g,active
in-dev-mode-hoodie,,,Dev Mode,Hoodie,"developer, coding, AI, software engineer, geek, humor, coffee, devmode, dark mode, tech gift",TRUE,Color,Black,Size,M,,,,0,,0,deny,manual,44.95,54.95,TRUE,TRUE,,,,In Dev Mode Hoodie - Black - M,FALSE,,,g,active
in-dev-mode-hoodie,,,Dev Mode,Hoodie,"developer, coding, AI, software engineer, geek, humor, coffee, devmode, dark mode, tech gift",TRUE,Color,Black,Size,L,,,,0,,0,deny,manual,44.95,54.95,TRUE,TRUE,,,,In Dev Mode Hoodie - Black - L,FALSE,,,g,active
in-dev-mode-hoodie,,,Dev Mode,Hoodie,"developer, coding, AI, software engineer, geek, humor, coffee, devmode, dark mode, tech gift",TRUE,Color,Black,Size,XL,,,,0,,0,deny,manual,44.95,54.95,TRUE,TRUE,,,,In Dev Mode Hoodie - Black - XL,FALSE,,,g,active
in-dev-mode-hoodie,,,Dev Mode,Hoodie,"developer, coding, AI, software engineer, geek, humor, coffee, devmode, dark mode, tech gift",TRUE,Color,Black,Size,2XL,,,,0,,0,deny,manual,44.95,54.95,TRUE,TRUE,,,,In Dev Mode Hoodie - Black - 2XL,FALSE,,,g,active
in-dev-mode-hoodie,,,Dev Mode,Hoodie,"developer, coding, AI, software engineer, geek, humor, coffee, devmode, dark mode, tech gift",TRUE,Color,Heather Gray,Size,S,,,,0,,0,deny,manual,44.95,54.95,TRUE,TRUE,,,,In Dev Mode Hoodie - Heather Gray - S,FALSE,,,g,active
in-dev-mode-hoodie,,,Dev Mode,Hoodie,"developer, coding, AI, software engineer, geek, humor, coffee, devmode, dark mode, tech gift",TRUE,Color,Heather Gray,Size,M,,,,0,,0,deny,manual,44.95,54.95,TRUE,TRUE,,,,In Dev Mode Hoodie - Heather Gray - M,FALSE,,,g,active
in-dev-mode-hoodie,,,Dev Mode,Hoodie,"developer, coding, AI, software engineer, geek, humor, coffee, devmode, dark mode, tech gift",TRUE,Color,Heather Gray,Size,L,,,,0,,0,deny,manual,44.95,54.95,TRUE,TRUE,,,,In Dev Mode Hoodie - Heather Gray - L,FALSE,,,g,active
in-dev-mode-hoodie,,,Dev Mode,Hoodie,"developer, coding, AI, software engineer, geek, humor, coffee, devmode, dark mode, tech gift",TRUE,Color,Heather Gray,Size,XL,,,,0,,0,deny,manual,44.95,54.95,TRUE,TRUE,,,,In Dev Mode Hoodie - Heather Gray - XL,FALSE,,,g,active
in-dev-mode-hoodie,,,Dev Mode,Hoodie,"developer, coding, AI, software engineer, geek, humor, coffee, devmode, dark mode, tech gift",TRUE,Color,Heather Gray,Size,2XL,,,,0,,0,deny,manual,44.95,54.95,TRUE,TRUE,,,,In Dev Mode Hoodie - Heather Gray - 2XL,FALSE,,,g,active